CENTRAL POLLUTION CONTROL BOARD,,,,,,,,
CONTINUOUS AMBIENT AIR QUALITY,,,,,,,,
"Date :Sunday, December 10, 2017",,,,,,,,
Time :6:38:17 PM,,,,,,,,
,,,,,,,,
State: Karnataka,,,,,,,,
City: Bengaluru,,,,,,,,
Station: BWSSB,,,,,,,,
"Parameter: SO2,CO,NO2,NO,NOx,NH3,Methane,NMHC,THC,Temp,RH,WS,WD,Vertical Wind S,S.Rad,Bar Pressure,Benzene,Toluene,Ethyl Benzene,M & P Xylene,O_Xylene,O3,PM2.5",,,,,,,,
AvgPeriod: 4 Hours,,,,,,,,
DateFrom: 01/09/2017,,,,,,,,
DateTo: 30/11/2017,,,,,,,,
TimeFrom: 12:00 AM,,,,,,,,
TimeTo: 11:45 PM,,,,,,,,
,,,,,,,,
BWSSB ( Industrial Residential Rural and Other Area ),,,,,,,,
Parameter,From (Time),To,Date,Concentration,Unit,Prescribed Standard,Exceeding Standard? (Yes/No),Remarks
,,(Time),,,,,,
Relative Humidity(RH),00:00:00,03:59:00,01/09/2017,94.05,%,NA,NA,
,04:00:00,07:59:00,01/09/2017,94.05,%,NA,NA,
,08:00:00,11:59:00,01/09/2017,94.06,%,NA,NA,
,12:00:00,15:59:00,01/09/2017,84.37,%,NA,NA,
,16:00:00,19:59:00,01/09/2017,77.69,%,NA,NA,
,20:00:00,23:59:00,01/09/2017,94.05,%,NA,NA,
,00:00:00,03:59:00,02/09/2017,94.05,%,NA,NA,
,04:00:00,07:59:00,02/09/2017,94.05,%,NA,NA,
,08:00:00,11:59:00,02/09/2017,94.06,%,NA,NA,
,12:00:00,15:59:00,02/09/2017,91.53,%,NA,NA,
,16:00:00,19:59:00,02/09/2017,94.05,%,NA,NA,
,20:00:00,23:59:00,02/09/2017,94.05,%,NA,NA,
,00:00:00,03:59:00,03/09/2017,94.05,%,NA,NA,
,04:00:00,07:59:00,03/09/2017,94.05,%,NA,NA,
,08:00:00,11:59:00,03/09/2017,88.37,%,NA,NA,
,12:00:00,15:59:00,03/09/2017,79.68,%,NA,NA,
,16:00:00,19:59:00,03/09/2017,93.4,%,NA,NA,
,20:00:00,23:59:00,03/09/2017,94.05,%,NA,NA,
,00:00:00,03:59:00,04/09/2017,94.05,%,NA,NA,
,04:00:00,07:59:00,04/09/2017,94.05,%,NA,NA,
,08:00:00,11:59:00,04/09/2017,93.91,%,NA,NA,
,12:00:00,15:59:00,04/09/2017,64,%,NA,NA,
,16:00:00,19:59:00,04/09/2017,61.27,%,NA,NA,
,20:00:00,23:59:00,04/09/2017,89.56,%,NA,NA,
,00:00:00,03:59:00,05/09/2017,94.05,%,NA,NA,
,04:00:00,07:59:00,05/09/2017,94.05,%,NA,NA,
,08:00:00,11:59:00,05/09/2017,92.47,%,NA,NA,
,12:00:00,15:59:00,05/09/2017,73.16,%,NA,NA,
,16:00:00,19:59:00,05/09/2017,72.7,%,NA,NA,
,20:00:00,23:59:00,05/09/2017,93.91,%,NA,NA,
,00:00:00,03:59:00,06/09/2017,94.05,%,NA,NA,
,04:00:00,07:59:00,06/09/2017,94.05,%,NA,NA,
,08:00:00,11:59:00,06/09/2017,93.15,%,NA,NA,
,12:00:00,15:59:00,06/09/2017,92.43,%,NA,NA,
,16:00:00,19:59:00,06/09/2017,94.05,%,NA,NA,
,20:00:00,23:59:00,06/09/2017,94.05,%,NA,NA,
,00:00:00,03:59:00,07/09/2017,94.05,%,NA,NA,
,04:00:00,07:59:00,07/09/2017,94.05,%,NA,NA,
,08:00:00,11:59:00,07/09/2017,93.47,%,NA,NA,
,12:00:00,15:59:00,07/09/2017,79.03,%,NA,NA,
,16:00:00,19:59:00,07/09/2017,91.77,%,NA,NA,
,20:00:00,23:59:00,07/09/2017,94.05,%,NA,NA,
,00:00:00,03:59:00,08/09/2017,94.05,%,NA,NA,
,04:00:00,07:59:00,08/09/2017,94.05,%,NA,NA,
,08:00:00,11:59:00,08/09/2017,91.56,%,NA,NA,
,12:00:00,15:59:00,08/09/2017,78.65,%,NA,NA,
,16:00:00,19:59:00,08/09/2017,92.66,%,NA,NA,
,20:00:00,23:59:00,08/09/2017,94.05,%,NA,NA,
,00:00:00,03:59:00,09/09/2017,94.05,%,NA,NA,
,04:00:00,07:59:00,09/09/2017,94.05,%,NA,NA,
,08:00:00,11:59:00,09/09/2017,92.62,%,NA,NA,
,12:00:00,15:59:00,09/09/2017,72.39,%,NA,NA,
,16:00:00,19:59:00,09/09/2017,90.04,%,NA,NA,
,20:00:00,23:59:00,09/09/2017,94.05,%,NA,NA,
,00:00:00,03:59:00,10/09/2017,94.05,%,NA,NA,
,04:00:00,07:59:00,10/09/2017,94.05,%,NA,NA,
,08:00:00,11:59:00,10/09/2017,94.06,%,NA,NA,
,12:00:00,15:59:00,10/09/2017,84.05,%,NA,NA,
,16:00:00,19:59:00,10/09/2017,90.01,%,NA,NA,
,20:00:00,23:59:00,10/09/2017,94.05,%,NA,NA,
,00:00:00,03:59:00,11/09/2017,94.05,%,NA,NA,
,04:00:00,07:59:00,11/09/2017,94.05,%,NA,NA,
,08:00:00,11:59:00,11/09/2017,89.82,%,NA,NA,
,12:00:00,15:59:00,11/09/2017,78.1,%,NA,NA,
,16:00:00,19:59:00,11/09/2017,86.25,%,NA,NA,
,20:00:00,23:59:00,11/09/2017,94.05,%,NA,NA,
,00:00:00,03:59:00,12/09/2017,94.05,%,NA,NA,
,04:00:00,07:59:00,12/09/2017,94.05,%,NA,NA,
,08:00:00,11:59:00,12/09/2017,90.49,%,NA,NA,
,12:00:00,15:59:00,12/09/2017,68.08,%,NA,NA,
,16:00:00,19:59:00,12/09/2017,61.14,%,NA,NA,
,20:00:00,23:59:00,12/09/2017,92.33,%,NA,NA,
,00:00:00,03:59:00,13/09/2017,94.05,%,NA,NA,
,04:00:00,07:59:00,13/09/2017,94.05,%,NA,NA,
,08:00:00,11:59:00,13/09/2017,92.17,%,NA,NA,
,12:00:00,15:59:00,13/09/2017,68.27,%,NA,NA,
,16:00:00,19:59:00,13/09/2017,57.32,%,NA,NA,
,20:00:00,23:59:00,13/09/2017,89.61,%,NA,NA,
,00:00:00,03:59:00,14/09/2017,94.05,%,NA,NA,
,04:00:00,07:59:00,14/09/2017,94.05,%,NA,NA,
,08:00:00,11:59:00,14/09/2017,89.62,%,NA,NA,
,12:00:00,15:59:00,14/09/2017,66.37,%,NA,NA,
,16:00:00,19:59:00,14/09/2017,66.38,%,NA,NA,
,20:00:00,23:59:00,14/09/2017,94.05,%,NA,NA,
,00:00:00,03:59:00,15/09/2017,94.05,%,NA,NA,
,04:00:00,07:59:00,15/09/2017,94.05,%,NA,NA,
,08:00:00,11:59:00,15/09/2017,94.05,%,NA,NA,
,12:00:00,15:59:00,15/09/2017,90.56,%,NA,NA,
,16:00:00,19:59:00,15/09/2017,88.07,%,NA,NA,
,20:00:00,23:59:00,15/09/2017,94.04,%,NA,NA,
,00:00:00,03:59:00,16/09/2017,94.05,%,NA,NA,
,04:00:00,07:59:00,16/09/2017,94.05,%,NA,NA,
,08:00:00,11:59:00,16/09/2017,91.85,%,NA,NA,
,12:00:00,15:59:00,16/09/2017,75.8,%,NA,NA,
,16:00:00,19:59:00,16/09/2017,91.33,%,NA,NA,
,20:00:00,23:59:00,16/09/2017,94.05,%,NA,NA,
,00:00:00,03:59:00,17/09/2017,94.05,%,NA,NA,
,04:00:00,07:59:00,17/09/2017,94.05,%,NA,NA,
,08:00:00,11:59:00,17/09/2017,94.05,%,NA,NA,
,12:00:00,15:59:00,17/09/2017,94.06,%,NA,NA,
,16:00:00,19:59:00,17/09/2017,94.05,%,NA,NA,
,20:00:00,23:59:00,17/09/2017,94.05,%,NA,NA,
,00:00:00,03:59:00,18/09/2017,94.05,%,NA,NA,
,04:00:00,07:59:00,18/09/2017,94.05,%,NA,NA,
,08:00:00,11:59:00,18/09/2017,94.06,%,NA,NA,
,12:00:00,15:59:00,18/09/2017,89.82,%,NA,NA,
,16:00:00,19:59:00,18/09/2017,92.9,%,NA,NA,
,20:00:00,23:59:00,18/09/2017,94.05,%,NA,NA,
,00:00:00,03:59:00,19/09/2017,94.05,%,NA,NA,
,04:00:00,07:59:00,19/09/2017,94.05,%,NA,NA,
,08:00:00,11:59:00,19/09/2017,94.05,%,NA,NA,
,12:00:00,15:59:00,19/09/2017,74.06,%,NA,NA,
,16:00:00,19:59:00,19/09/2017,75,%,NA,NA,
,20:00:00,23:59:00,19/09/2017,90.68,%,NA,NA,
,00:00:00,03:59:00,20/09/2017,94.05,%,NA,NA,
,04:00:00,07:59:00,20/09/2017,94.05,%,NA,NA,
,08:00:00,11:59:00,20/09/2017,89.84,%,NA,NA,
,12:00:00,15:59:00,20/09/2017,57.99,%,NA,NA,
,16:00:00,19:59:00,20/09/2017,55.32,%,NA,NA,
,20:00:00,23:59:00,20/09/2017,63.87,%,NA,NA,
,00:00:00,03:59:00,21/09/2017,92.93,%,NA,NA,
,04:00:00,07:59:00,21/09/2017,94.05,%,NA,NA,
,08:00:00,11:59:00,21/09/2017,93.66,%,NA,NA,
,12:00:00,15:59:00,21/09/2017,82.34,%,NA,NA,
,16:00:00,19:59:00,21/09/2017,88.97,%,NA,NA,
,20:00:00,23:59:00,21/09/2017,94.05,%,NA,NA,
,00:00:00,03:59:00,22/09/2017,94.05,%,NA,NA,
,04:00:00,07:59:00,22/09/2017,94.05,%,NA,NA,
,08:00:00,11:59:00,22/09/2017,90.97,%,NA,NA,
,12:00:00,15:59:00,22/09/2017,69.4,%,NA,NA,
,16:00:00,19:59:00,22/09/2017,65.79,%,NA,NA,
,20:00:00,23:59:00,22/09/2017,77.51,%,NA,NA,
,00:00:00,03:59:00,23/09/2017,88.92,%,NA,NA,
,04:00:00,07:59:00,23/09/2017,94.05,%,NA,NA,
,08:00:00,11:59:00,23/09/2017,75.73,%,NA,NA,
,12:00:00,15:59:00,23/09/2017,50.39,%,NA,NA,
,16:00:00,19:59:00,23/09/2017,58.32,%,NA,NA,
,20:00:00,23:59:00,23/09/2017,79.95,%,NA,NA,
,00:00:00,03:59:00,24/09/2017,94.05,%,NA,NA,
,04:00:00,07:59:00,24/09/2017,94.05,%,NA,NA,
,08:00:00,11:59:00,24/09/2017,91.72,%,NA,NA,
,12:00:00,15:59:00,24/09/2017,84.04,%,NA,NA,
,20:00:00,23:59:00,24/09/2017,94.05,%,NA,NA,
,00:00:00,03:59:00,25/09/2017,94.05,%,NA,NA,
,04:00:00,07:59:00,25/09/2017,94.05,%,NA,NA,
,08:00:00,11:59:00,25/09/2017,94.05,%,NA,NA,
,12:00:00,15:59:00,25/09/2017,78.81,%,NA,NA,
,16:00:00,19:59:00,25/09/2017,87.28,%,NA,NA,
,20:00:00,23:59:00,25/09/2017,94.05,%,NA,NA,
,00:00:00,03:59:00,26/09/2017,94.05,%,NA,NA,
,04:00:00,07:59:00,26/09/2017,94.05,%,NA,NA,
,08:00:00,11:59:00,26/09/2017,93.71,%,NA,NA,
,12:00:00,15:59:00,26/09/2017,78.98,%,NA,NA,
,16:00:00,19:59:00,26/09/2017,86.92,%,NA,NA,
,20:00:00,23:59:00,26/09/2017,94.05,%,NA,NA,
,00:00:00,03:59:00,27/09/2017,94.05,%,NA,NA,
,04:00:00,07:59:00,27/09/2017,94.05,%,NA,NA,
,08:00:00,11:59:00,27/09/2017,94.05,%,NA,NA,
,04:00:00,07:59:00,28/09/2017,75.24,%,NA,NA,
,08:00:00,11:59:00,28/09/2017,92.4,%,NA,NA,
,12:00:00,15:59:00,28/09/2017,91.83,%,NA,NA,
,16:00:00,19:59:00,28/09/2017,94.05,%,NA,NA,
,20:00:00,23:59:00,28/09/2017,94.05,%,NA,NA,
,00:00:00,03:59:00,29/09/2017,94.05,%,NA,NA,
,04:00:00,07:59:00,29/09/2017,94.05,%,NA,NA,
,08:00:00,11:59:00,29/09/2017,94.05,%,NA,NA,
,12:00:00,15:59:00,29/09/2017,94.05,%,NA,NA,
,16:00:00,19:59:00,29/09/2017,93.65,%,NA,NA,
,20:00:00,23:59:00,29/09/2017,94.05,%,NA,NA,
,00:00:00,03:59:00,30/09/2017,94.05,%,NA,NA,
,04:00:00,07:59:00,30/09/2017,94.05,%,NA,NA,
,08:00:00,11:59:00,30/09/2017,94.05,%,NA,NA,
,12:00:00,15:59:00,30/09/2017,94.05,%,NA,NA,
,16:00:00,19:59:00,30/09/2017,94.05,%,NA,NA,
,20:00:00,23:59:00,30/09/2017,94.05,%,NA,NA,
,00:00:00,03:59:00,01/10/2017,94.05,%,NA,NA,
,04:00:00,07:59:00,01/10/2017,94.05,%,NA,NA,
,08:00:00,11:59:00,01/10/2017,94.05,%,NA,NA,
,12:00:00,15:59:00,01/10/2017,87.66,%,NA,NA,
,16:00:00,19:59:00,01/10/2017,88.11,%,NA,NA,
,20:00:00,23:59:00,01/10/2017,94.05,%,NA,NA,
,00:00:00,03:59:00,02/10/2017,94.05,%,NA,NA,
,04:00:00,07:59:00,02/10/2017,94.05,%,NA,NA,
,08:00:00,11:59:00,02/10/2017,94.05,%,NA,NA,
,12:00:00,15:59:00,02/10/2017,88.53,%,NA,NA,
,16:00:00,19:59:00,02/10/2017,89.15,%,NA,NA,
,20:00:00,23:59:00,02/10/2017,94.05,%,NA,NA,
,00:00:00,03:59:00,03/10/2017,94.05,%,NA,NA,
,04:00:00,07:59:00,03/10/2017,94.05,%,NA,NA,
,08:00:00,11:59:00,03/10/2017,90.57,%,NA,NA,
,12:00:00,15:59:00,03/10/2017,74.41,%,NA,NA,
,16:00:00,19:59:00,03/10/2017,78.38,%,NA,NA,
,20:00:00,23:59:00,03/10/2017,94.03,%,NA,NA,
,00:00:00,03:59:00,04/10/2017,94.05,%,NA,NA,
,08:00:00,11:59:00,04/10/2017,92.83,%,NA,NA,
,12:00:00,15:59:00,04/10/2017,73.75,%,NA,NA,
,16:00:00,19:59:00,04/10/2017,86.18,%,NA,NA,
,20:00:00,23:59:00,04/10/2017,94.05,%,NA,NA,
,00:00:00,03:59:00,05/10/2017,94.05,%,NA,NA,
,04:00:00,07:59:00,05/10/2017,94.05,%,NA,NA,
,08:00:00,11:59:00,05/10/2017,94.05,%,NA,NA,
,12:00:00,15:59:00,05/10/2017,92.68,%,NA,NA,
,16:00:00,19:59:00,05/10/2017,94.05,%,NA,NA,
,20:00:00,23:59:00,05/10/2017,94.05,%,NA,NA,
,00:00:00,03:59:00,06/10/2017,94.05,%,NA,NA,
,04:00:00,07:59:00,06/10/2017,94.05,%,NA,NA,
,08:00:00,11:59:00,06/10/2017,94.05,%,NA,NA,
,12:00:00,15:59:00,06/10/2017,83.43,%,NA,NA,
,16:00:00,19:59:00,06/10/2017,94.05,%,NA,NA,
,20:00:00,23:59:00,06/10/2017,32.76,%,NA,NA,
,00:00:00,03:59:00,07/10/2017,32.62,%,NA,NA,
,04:00:00,07:59:00,07/10/2017,75.46,%,NA,NA,
,08:00:00,11:59:00,07/10/2017,92.03,%,NA,NA,
,12:00:00,15:59:00,07/10/2017,71.42,%,NA,NA,
,16:00:00,19:59:00,07/10/2017,94.05,%,NA,NA,
,20:00:00,23:59:00,07/10/2017,94.05,%,NA,NA,
,00:00:00,03:59:00,08/10/2017,94.05,%,NA,NA,
,04:00:00,07:59:00,08/10/2017,94.05,%,NA,NA,
,08:00:00,11:59:00,08/10/2017,92.56,%,NA,NA,
,12:00:00,15:59:00,08/10/2017,72.3,%,NA,NA,
,16:00:00,19:59:00,08/10/2017,79.59,%,NA,NA,
,20:00:00,23:59:00,08/10/2017,94.04,%,NA,NA,
,00:00:00,03:59:00,09/10/2017,94.05,%,NA,NA,
,04:00:00,07:59:00,09/10/2017,94.05,%,NA,NA,
,08:00:00,11:59:00,09/10/2017,93.12,%,NA,NA,
,12:00:00,15:59:00,09/10/2017,78.28,%,NA,NA,
,16:00:00,19:59:00,09/10/2017,82.13,%,NA,NA,
,20:00:00,23:59:00,09/10/2017,94.05,%,NA,NA,
,00:00:00,03:59:00,10/10/2017,94.05,%,NA,NA,
,04:00:00,07:59:00,10/10/2017,94.05,%,NA,NA,
,08:00:00,11:59:00,10/10/2017,86.3,%,NA,NA,
,12:00:00,15:59:00,10/10/2017,72.59,%,NA,NA,
,16:00:00,19:59:00,10/10/2017,72.99,%,NA,NA,
,20:00:00,23:59:00,10/10/2017,93.34,%,NA,NA,
,00:00:00,03:59:00,11/10/2017,94.05,%,NA,NA,
,04:00:00,07:59:00,11/10/2017,94.05,%,NA,NA,
,08:00:00,11:59:00,11/10/2017,90.69,%,NA,NA,
,12:00:00,15:59:00,11/10/2017,53.06,%,NA,NA,
,16:00:00,19:59:00,11/10/2017,75.69,%,NA,NA,
,20:00:00,23:59:00,11/10/2017,94.05,%,NA,NA,
,00:00:00,03:59:00,12/10/2017,94.05,%,NA,NA,
,04:00:00,07:59:00,12/10/2017,94.05,%,NA,NA,
,08:00:00,11:59:00,12/10/2017,89.74,%,NA,NA,
,12:00:00,15:59:00,12/10/2017,76.38,%,NA,NA,
,16:00:00,19:59:00,12/10/2017,84.94,%,NA,NA,
,20:00:00,23:59:00,12/10/2017,94.05,%,NA,NA,
,00:00:00,03:59:00,13/10/2017,94.05,%,NA,NA,
,04:00:00,07:59:00,13/10/2017,94.05,%,NA,NA,
,08:00:00,11:59:00,13/10/2017,92.8,%,NA,NA,
,12:00:00,15:59:00,13/10/2017,73.36,%,NA,NA,
,16:00:00,19:59:00,13/10/2017,90.92,%,NA,NA,
,20:00:00,23:59:00,13/10/2017,94.05,%,NA,NA,
,00:00:00,03:59:00,14/10/2017,94.05,%,NA,NA,
,04:00:00,07:59:00,14/10/2017,94.05,%,NA,NA,
,08:00:00,11:59:00,14/10/2017,94.05,%,NA,NA,
,12:00:00,15:59:00,14/10/2017,94.05,%,NA,NA,
,16:00:00,19:59:00,14/10/2017,94.05,%,NA,NA,
,20:00:00,23:59:00,14/10/2017,94.05,%,NA,NA,
,00:00:00,03:59:00,15/10/2017,94.05,%,NA,NA,
,04:00:00,07:59:00,15/10/2017,94.05,%,NA,NA,
,08:00:00,11:59:00,15/10/2017,94.05,%,NA,NA,
,12:00:00,15:59:00,15/10/2017,94.05,%,NA,NA,
,16:00:00,19:59:00,15/10/2017,94.05,%,NA,NA,
,20:00:00,23:59:00,15/10/2017,94.05,%,NA,NA,
,00:00:00,03:59:00,16/10/2017,94.05,%,NA,NA,
,04:00:00,07:59:00,16/10/2017,94.05,%,NA,NA,
,08:00:00,11:59:00,16/10/2017,94.05,%,NA,NA,
,12:00:00,15:59:00,16/10/2017,94.05,%,NA,NA,
,16:00:00,19:59:00,16/10/2017,94.05,%,NA,NA,
,20:00:00,23:59:00,16/10/2017,94.05,%,NA,NA,
,00:00:00,03:59:00,17/10/2017,94.05,%,NA,NA,
,04:00:00,07:59:00,17/10/2017,94.05,%,NA,NA,
,08:00:00,11:59:00,17/10/2017,91.71,%,NA,NA,
,12:00:00,15:59:00,17/10/2017,57.48,%,NA,NA,
,16:00:00,19:59:00,17/10/2017,58.1,%,NA,NA,
,20:00:00,23:59:00,17/10/2017,91.64,%,NA,NA,
,00:00:00,03:59:00,18/10/2017,94.05,%,NA,NA,
,04:00:00,07:59:00,18/10/2017,94.05,%,NA,NA,
,08:00:00,11:59:00,18/10/2017,94.05,%,NA,NA,
,12:00:00,15:59:00,18/10/2017,76.01,%,NA,NA,
,16:00:00,19:59:00,18/10/2017,47.64,%,NA,NA,
,20:00:00,23:59:00,18/10/2017,86.46,%,NA,NA,
,00:00:00,03:59:00,19/10/2017,94.05,%,NA,NA,
,04:00:00,07:59:00,19/10/2017,94.05,%,NA,NA,
,08:00:00,11:59:00,19/10/2017,85.17,%,NA,NA,
,12:00:00,15:59:00,19/10/2017,37.74,%,NA,NA,
,16:00:00,19:59:00,19/10/2017,44.22,%,NA,NA,
,20:00:00,23:59:00,19/10/2017,84.3,%,NA,NA,
,00:00:00,03:59:00,20/10/2017,88.17,%,NA,NA,
,04:00:00,07:59:00,20/10/2017,94.05,%,NA,NA,
,08:00:00,11:59:00,20/10/2017,85.35,%,NA,NA,
,12:00:00,15:59:00,20/10/2017,38.14,%,NA,NA,
,16:00:00,19:59:00,20/10/2017,51.77,%,NA,NA,
,20:00:00,23:59:00,20/10/2017,87.47,%,NA,NA,
,00:00:00,03:59:00,21/10/2017,94.05,%,NA,NA,
,04:00:00,07:59:00,21/10/2017,94.05,%,NA,NA,
,08:00:00,11:59:00,21/10/2017,83.12,%,NA,NA,
,12:00:00,15:59:00,21/10/2017,48.65,%,NA,NA,
,16:00:00,19:59:00,21/10/2017,55.46,%,NA,NA,
,20:00:00,23:59:00,21/10/2017,64.94,%,NA,NA,
,00:00:00,03:59:00,22/10/2017,78.04,%,NA,NA,
,04:00:00,07:59:00,22/10/2017,94.05,%,NA,NA,
,08:00:00,11:59:00,22/10/2017,43.95,%,NA,NA,
,12:00:00,15:59:00,22/10/2017,28.48,%,NA,NA,
,16:00:00,19:59:00,22/10/2017,39.06,%,NA,NA,
,20:00:00,23:59:00,22/10/2017,67.61,%,NA,NA,
,00:00:00,03:59:00,23/10/2017,93.88,%,NA,NA,
,04:00:00,07:59:00,23/10/2017,94.05,%,NA,NA,
,08:00:00,11:59:00,23/10/2017,46.18,%,NA,NA,
,12:00:00,15:59:00,23/10/2017,30.32,%,NA,NA,
,16:00:00,19:59:00,23/10/2017,39.17,%,NA,NA,
,20:00:00,23:59:00,23/10/2017,62.75,%,NA,NA,
,00:00:00,03:59:00,24/10/2017,83.95,%,NA,NA,
,04:00:00,07:59:00,24/10/2017,94.05,%,NA,NA,
,08:00:00,11:59:00,24/10/2017,48.76,%,NA,NA,
,12:00:00,15:59:00,24/10/2017,32.35,%,NA,NA,
,16:00:00,19:59:00,24/10/2017,41.19,%,NA,NA,
,20:00:00,23:59:00,24/10/2017,74.99,%,NA,NA,
,00:00:00,03:59:00,25/10/2017,94.05,%,NA,NA,
,04:00:00,07:59:00,25/10/2017,94.05,%,NA,NA,
,08:00:00,11:59:00,25/10/2017,87.13,%,NA,NA,
,12:00:00,15:59:00,25/10/2017,53.04,%,NA,NA,
,16:00:00,19:59:00,25/10/2017,51.21,%,NA,NA,
,20:00:00,23:59:00,25/10/2017,83.41,%,NA,NA,
,00:00:00,03:59:00,26/10/2017,94.05,%,NA,NA,
,04:00:00,07:59:00,26/10/2017,94.05,%,NA,NA,
,08:00:00,11:59:00,26/10/2017,87.24,%,NA,NA,
,12:00:00,15:59:00,26/10/2017,67.58,%,NA,NA,
,16:00:00,19:59:00,26/10/2017,66.93,%,NA,NA,
,20:00:00,23:59:00,26/10/2017,94.05,%,NA,NA,
,00:00:00,03:59:00,27/10/2017,94.05,%,NA,NA,
,04:00:00,07:59:00,27/10/2017,94.05,%,NA,NA,
,08:00:00,11:59:00,27/10/2017,85.35,%,NA,NA,
,12:00:00,15:59:00,27/10/2017,58.34,%,NA,NA,
,16:00:00,19:59:00,27/10/2017,64.34,%,NA,NA,
,20:00:00,23:59:00,27/10/2017,87.78,%,NA,NA,
,00:00:00,03:59:00,28/10/2017,94.05,%,NA,NA,
,04:00:00,07:59:00,28/10/2017,94.05,%,NA,NA,
,08:00:00,11:59:00,28/10/2017,67.08,%,NA,NA,
,12:00:00,15:59:00,28/10/2017,41.25,%,NA,NA,
,16:00:00,19:59:00,28/10/2017,46.8,%,NA,NA,
,20:00:00,23:59:00,28/10/2017,62.03,%,NA,NA,
,00:00:00,03:59:00,29/10/2017,90.22,%,NA,NA,
,04:00:00,07:59:00,29/10/2017,94.05,%,NA,NA,
,08:00:00,11:59:00,29/10/2017,62.6,%,NA,NA,
,12:00:00,15:59:00,29/10/2017,40.12,%,NA,NA,
,16:00:00,19:59:00,29/10/2017,46.06,%,NA,NA,
,20:00:00,23:59:00,29/10/2017,63.34,%,NA,NA,
,00:00:00,03:59:00,30/10/2017,85.8,%,NA,NA,
,04:00:00,07:59:00,30/10/2017,94.05,%,NA,NA,
,08:00:00,11:59:00,30/10/2017,87,%,NA,NA,
,12:00:00,15:59:00,30/10/2017,88.74,%,NA,NA,
,16:00:00,19:59:00,30/10/2017,89.68,%,NA,NA,
,20:00:00,23:59:00,30/10/2017,93.69,%,NA,NA,
,00:00:00,03:59:00,31/10/2017,93.48,%,NA,NA,
,04:00:00,07:59:00,31/10/2017,94.05,%,NA,NA,
,08:00:00,11:59:00,31/10/2017,92.71,%,NA,NA,
,12:00:00,15:59:00,31/10/2017,79.12,%,NA,NA,
,16:00:00,19:59:00,31/10/2017,86.66,%,NA,NA,
,20:00:00,23:59:00,31/10/2017,80.26,%,NA,NA,
,00:00:00,03:59:00,01/11/2017,82.96,%,NA,NA,
,04:00:00,07:59:00,01/11/2017,94.05,%,NA,NA,
,08:00:00,11:59:00,01/11/2017,94.05,%,NA,NA,
,12:00:00,15:59:00,01/11/2017,85.87,%,NA,NA,
,16:00:00,19:59:00,01/11/2017,88.39,%,NA,NA,
,20:00:00,23:59:00,01/11/2017,92.28,%,NA,NA,
,00:00:00,03:59:00,02/11/2017,94.05,%,NA,NA,
,04:00:00,07:59:00,02/11/2017,94.05,%,NA,NA,
,08:00:00,11:59:00,02/11/2017,88.48,%,NA,NA,
,12:00:00,15:59:00,02/11/2017,67.65,%,NA,NA,
,16:00:00,19:59:00,02/11/2017,49.48,%,NA,NA,
,20:00:00,23:59:00,02/11/2017,59.5,%,NA,NA,
,00:00:00,03:59:00,03/11/2017,76.62,%,NA,NA,
,04:00:00,07:59:00,03/11/2017,90.39,%,NA,NA,
,08:00:00,11:59:00,03/11/2017,66.54,%,NA,NA,
,12:00:00,15:59:00,03/11/2017,47.06,%,NA,NA,
,16:00:00,19:59:00,03/11/2017,57.28,%,NA,NA,
,20:00:00,23:59:00,03/11/2017,91.26,%,NA,NA,
,00:00:00,03:59:00,04/11/2017,94.05,%,NA,NA,
,04:00:00,07:59:00,04/11/2017,94.05,%,NA,NA,
,08:00:00,11:59:00,04/11/2017,85.03,%,NA,NA,
,12:00:00,15:59:00,04/11/2017,91.33,%,NA,NA,
,16:00:00,19:59:00,04/11/2017,94.05,%,NA,NA,
,20:00:00,23:59:00,04/11/2017,94.05,%,NA,NA,
,00:00:00,03:59:00,05/11/2017,94.05,%,NA,NA,
,04:00:00,07:59:00,05/11/2017,94.05,%,NA,NA,
,08:00:00,11:59:00,05/11/2017,94.05,%,NA,NA,
,12:00:00,15:59:00,05/11/2017,92.18,%,NA,NA,
,16:00:00,19:59:00,05/11/2017,94.05,%,NA,NA,
,20:00:00,23:59:00,05/11/2017,94.05,%,NA,NA,
,00:00:00,03:59:00,06/11/2017,94.05,%,NA,NA,
,04:00:00,07:59:00,06/11/2017,94.05,%,NA,NA,
,12:00:00,15:59:00,06/11/2017,93.64,%,NA,NA,
,16:00:00,19:59:00,06/11/2017,93.6,%,NA,NA,
,20:00:00,23:59:00,06/11/2017,94.05,%,NA,NA,
,00:00:00,03:59:00,07/11/2017,94.05,%,NA,NA,
,04:00:00,07:59:00,07/11/2017,94.05,%,NA,NA,
,08:00:00,11:59:00,07/11/2017,92.94,%,NA,NA,
,12:00:00,15:59:00,07/11/2017,82.86,%,NA,NA,
,16:00:00,19:59:00,07/11/2017,93.45,%,NA,NA,
,20:00:00,23:59:00,07/11/2017,94.05,%,NA,NA,
,00:00:00,03:59:00,08/11/2017,94.05,%,NA,NA,
,04:00:00,07:59:00,08/11/2017,94.05,%,NA,NA,
,08:00:00,11:59:00,08/11/2017,82.33,%,NA,NA,
,12:00:00,15:59:00,08/11/2017,63.32,%,NA,NA,
,16:00:00,19:59:00,08/11/2017,60.86,%,NA,NA,
,20:00:00,23:59:00,08/11/2017,88.6,%,NA,NA,
,00:00:00,03:59:00,09/11/2017,94.05,%,NA,NA,
,04:00:00,07:59:00,09/11/2017,94.05,%,NA,NA,
,08:00:00,11:59:00,09/11/2017,74.03,%,NA,NA,
,12:00:00,15:59:00,09/11/2017,37.25,%,NA,NA,
,16:00:00,19:59:00,09/11/2017,41.87,%,NA,NA,
,20:00:00,23:59:00,09/11/2017,64.84,%,NA,NA,
,00:00:00,03:59:00,10/11/2017,92.52,%,NA,NA,
,04:00:00,07:59:00,10/11/2017,94.05,%,NA,NA,
,08:00:00,11:59:00,10/11/2017,68.76,%,NA,NA,
,12:00:00,15:59:00,10/11/2017,40.83,%,NA,NA,
,16:00:00,19:59:00,10/11/2017,52.31,%,NA,NA,
,20:00:00,23:59:00,10/11/2017,72.56,%,NA,NA,
,00:00:00,03:59:00,11/11/2017,94.05,%,NA,NA,
,04:00:00,07:59:00,11/11/2017,94.05,%,NA,NA,
,08:00:00,11:59:00,11/11/2017,86.66,%,NA,NA,
,12:00:00,15:59:00,11/11/2017,67.66,%,NA,NA,
,16:00:00,19:59:00,11/11/2017,79.71,%,NA,NA,
,20:00:00,23:59:00,11/11/2017,93.66,%,NA,NA,
,00:00:00,03:59:00,12/11/2017,94.05,%,NA,NA,
,04:00:00,07:59:00,12/11/2017,94.05,%,NA,NA,
,08:00:00,11:59:00,12/11/2017,55.95,%,NA,NA,
,12:00:00,15:59:00,12/11/2017,44.45,%,NA,NA,
,16:00:00,19:59:00,12/11/2017,55.27,%,NA,NA,
,20:00:00,23:59:00,12/11/2017,66.01,%,NA,NA,
,00:00:00,03:59:00,13/11/2017,73.22,%,NA,NA,
,04:00:00,07:59:00,13/11/2017,66.9,%,NA,NA,
,08:00:00,11:59:00,13/11/2017,48.96,%,NA,NA,
,12:00:00,15:59:00,13/11/2017,38.75,%,NA,NA,
,16:00:00,19:59:00,13/11/2017,49.41,%,NA,NA,
,20:00:00,23:59:00,13/11/2017,67.12,%,NA,NA,
,00:00:00,03:59:00,14/11/2017,74.04,%,NA,NA,
,04:00:00,07:59:00,14/11/2017,94.05,%,NA,NA,
,08:00:00,11:59:00,14/11/2017,79.37,%,NA,NA,
,12:00:00,15:59:00,14/11/2017,49.44,%,NA,NA,
,16:00:00,19:59:00,14/11/2017,60.34,%,NA,NA,
,20:00:00,23:59:00,14/11/2017,72.49,%,NA,NA,
,00:00:00,03:59:00,15/11/2017,90.28,%,NA,NA,
,04:00:00,07:59:00,15/11/2017,94.05,%,NA,NA,
,08:00:00,11:59:00,15/11/2017,81.59,%,NA,NA,
,12:00:00,15:59:00,15/11/2017,52.65,%,NA,NA,
,16:00:00,19:59:00,15/11/2017,51.66,%,NA,NA,
,20:00:00,23:59:00,15/11/2017,78.52,%,NA,NA,
,00:00:00,03:59:00,16/11/2017,93.04,%,NA,NA,
,04:00:00,07:59:00,16/11/2017,94.05,%,NA,NA,
,08:00:00,11:59:00,16/11/2017,78.8,%,NA,NA,
,12:00:00,15:59:00,16/11/2017,49.19,%,NA,NA,
,16:00:00,19:59:00,16/11/2017,52.48,%,NA,NA,
,20:00:00,23:59:00,16/11/2017,79.69,%,NA,NA,
,00:00:00,03:59:00,17/11/2017,94.05,%,NA,NA,
,04:00:00,07:59:00,17/11/2017,94.05,%,NA,NA,
,08:00:00,11:59:00,17/11/2017,87.86,%,NA,NA,
,12:00:00,15:59:00,17/11/2017,55.17,%,NA,NA,
,16:00:00,19:59:00,17/11/2017,68.22,%,NA,NA,
,20:00:00,23:59:00,17/11/2017,93.83,%,NA,NA,
,00:00:00,03:59:00,18/11/2017,94.07,%,NA,NA,
,04:00:00,07:59:00,18/11/2017,94.06,%,NA,NA,
,08:00:00,11:59:00,18/11/2017,92.94,%,NA,NA,
,12:00:00,15:59:00,18/11/2017,66.23,%,NA,NA,
,16:00:00,19:59:00,18/11/2017,63.37,%,NA,NA,
,20:00:00,23:59:00,18/11/2017,94.07,%,NA,NA,
,00:00:00,03:59:00,19/11/2017,94.06,%,NA,NA,
,04:00:00,07:59:00,19/11/2017,94.06,%,NA,NA,
,08:00:00,11:59:00,19/11/2017,90.17,%,NA,NA,
,12:00:00,15:59:00,19/11/2017,56.05,%,NA,NA,
,16:00:00,19:59:00,19/11/2017,61.87,%,NA,NA,
,20:00:00,23:59:00,19/11/2017,87.41,%,NA,NA,
,00:00:00,03:59:00,20/11/2017,94.05,%,NA,NA,
,04:00:00,07:59:00,20/11/2017,94.05,%,NA,NA,
,08:00:00,11:59:00,20/11/2017,84.58,%,NA,NA,
,12:00:00,15:59:00,20/11/2017,48.15,%,NA,NA,
,16:00:00,19:59:00,20/11/2017,62.58,%,NA,NA,
,20:00:00,23:59:00,20/11/2017,92.54,%,NA,NA,
,00:00:00,03:59:00,21/11/2017,94.05,%,NA,NA,
,04:00:00,07:59:00,21/11/2017,94.05,%,NA,NA,
,08:00:00,11:59:00,21/11/2017,89.73,%,NA,NA,
,12:00:00,15:59:00,21/11/2017,67.11,%,NA,NA,
,16:00:00,19:59:00,21/11/2017,76.63,%,NA,NA,
,20:00:00,23:59:00,21/11/2017,94.05,%,NA,NA,
,00:00:00,03:59:00,22/11/2017,94.05,%,NA,NA,
,04:00:00,07:59:00,22/11/2017,94.05,%,NA,NA,
,08:00:00,11:59:00,22/11/2017,89.85,%,NA,NA,
,12:00:00,15:59:00,22/11/2017,52.47,%,NA,NA,
,16:00:00,19:59:00,22/11/2017,42.99,%,NA,NA,
,20:00:00,23:59:00,22/11/2017,77.64,%,NA,NA,
,00:00:00,03:59:00,23/11/2017,94.05,%,NA,NA,
,04:00:00,07:59:00,23/11/2017,94.05,%,NA,NA,
,08:00:00,11:59:00,23/11/2017,71.12,%,NA,NA,
,12:00:00,15:59:00,23/11/2017,38.75,%,NA,NA,
,16:00:00,19:59:00,23/11/2017,47.92,%,NA,NA,
,20:00:00,23:59:00,23/11/2017,80.77,%,NA,NA,
,00:00:00,03:59:00,24/11/2017,94.05,%,NA,NA,
,04:00:00,07:59:00,24/11/2017,94.05,%,NA,NA,
,08:00:00,11:59:00,24/11/2017,74.61,%,NA,NA,
,12:00:00,15:59:00,24/11/2017,40.67,%,NA,NA,
,16:00:00,19:59:00,24/11/2017,43.88,%,NA,NA,
,20:00:00,23:59:00,24/11/2017,72.94,%,NA,NA,
,00:00:00,03:59:00,25/11/2017,94.05,%,NA,NA,
,04:00:00,07:59:00,25/11/2017,94.05,%,NA,NA,
,08:00:00,11:59:00,25/11/2017,83.12,%,NA,NA,
,12:00:00,15:59:00,25/11/2017,53.93,%,NA,NA,
,16:00:00,19:59:00,25/11/2017,53.37,%,NA,NA,
,20:00:00,23:59:00,25/11/2017,74.86,%,NA,NA,
,00:00:00,03:59:00,26/11/2017,94.05,%,NA,NA,
,04:00:00,07:59:00,26/11/2017,94.05,%,NA,NA,
,08:00:00,11:59:00,26/11/2017,87.32,%,NA,NA,
,12:00:00,15:59:00,26/11/2017,73.9,%,NA,NA,
,16:00:00,19:59:00,26/11/2017,86.74,%,NA,NA,
,20:00:00,23:59:00,26/11/2017,94.05,%,NA,NA,
,00:00:00,03:59:00,27/11/2017,94.05,%,NA,NA,
,04:00:00,07:59:00,27/11/2017,94.05,%,NA,NA,
,08:00:00,11:59:00,27/11/2017,93.98,%,NA,NA,
,12:00:00,15:59:00,27/11/2017,87.43,%,NA,NA,
,16:00:00,19:59:00,27/11/2017,85.01,%,NA,NA,
,20:00:00,23:59:00,27/11/2017,94.05,%,NA,NA,
,00:00:00,03:59:00,28/11/2017,94.05,%,NA,NA,
,04:00:00,07:59:00,28/11/2017,94.05,%,NA,NA,
,08:00:00,11:59:00,28/11/2017,82.75,%,NA,NA,
,12:00:00,15:59:00,28/11/2017,44.08,%,NA,NA,
,16:00:00,19:59:00,28/11/2017,48.82,%,NA,NA,
,20:00:00,23:59:00,28/11/2017,87.27,%,NA,NA,
,00:00:00,03:59:00,29/11/2017,94.05,%,NA,NA,
,04:00:00,07:59:00,29/11/2017,94.05,%,NA,NA,
,08:00:00,11:59:00,29/11/2017,66.18,%,NA,NA,
,12:00:00,15:59:00,29/11/2017,51.82,%,NA,NA,
,16:00:00,19:59:00,29/11/2017,59.93,%,NA,NA,
,20:00:00,23:59:00,29/11/2017,72.27,%,NA,NA,
,00:00:00,03:59:00,30/11/2017,85.82,%,NA,NA,
,04:00:00,07:59:00,30/11/2017,94.05,%,NA,NA,
,08:00:00,11:59:00,30/11/2017,94.05,%,NA,NA,
,12:00:00,15:59:00,30/11/2017,94.06,%,NA,NA,
,16:00:00,19:59:00,30/11/2017,94.05,%,NA,NA,
,20:00:00,23:59:00,30/11/2017,94.05,%,NA,NA,
The Avearge value of Relative Humidity(RH) is 83.25 %,,,,,,,,
There is No instance when data has exceeded Prescribed Standard of Relative Humidity(RH).,,,,,,,,
